{
  "main": {
    "id": "06471dae64916ed0",
    "type": "split",
    "children": [
      {
        "id": "572f4636697714ac",
        "type": "tabs",
        "children": [
          {
            "id": "472b9e90dbf9d7d7",
            "type": "leaf",
            "state": {
              "type": "markdown",
              "state": {
                "file": "Ayat - آيَاتُ القُرآنِ/2 Al-Baqarah - سُورَةُ البَقَرَة/2-286 لا يكلف الله نفسا إلا وسعها لها ما كسبت وعليها ما اكتسبت ربنا لا تؤاخذنا إن نسينا أو أخطأنا ربنا ولا تحمل علينا إصرا كما حملته على الذين من قبلنا ربنا ولا تحملنا ما لا طاقة لنا به واعف عنا واغفر لنا وارحمنا أنت مولانا فانصرنا على القوم الكافرين.md",
                "mode": "source",
                "source": false
              }
            }
          }
        ]
      }
    ],
    "direction": "vertical"
  },
  "left": {
    "id": "e712effb7c5686bd",
    "type": "split",
    "children": [
      {
        "id": "67478fb82d3a63a4",
        "type": "tabs",
        "children": [
          {
            "id": "17d072fc7c73c456",
            "type": "leaf",
            "state": {
              "type": "file-explorer",
              "state": {
                "sortOrder": "alphabetical"
              }
            }
          },
          {
            "id": "7125c781f352d069",
            "type": "leaf",
            "state": {
              "type": "search",
              "state": {
                "query": "",
                "matchingCase": false,
                "explainSearch": false,
                "collapseAll": false,
                "extraContext": false,
                "sortOrder": "alphabetical"
              }
            }
          },
          {
            "id": "70caf638e2c17372",
            "type": "leaf",
            "state": {
              "type": "bookmarks",
              "state": {}
            }
          }
        ]
      }
    ],
    "direction": "horizontal",
    "width": 266.5069465637207
  },
  "right": {
    "id": "7df2c240526b5cb7",
    "type": "split",
    "children": [
      {
        "id": "b81e1107fc2df479",
        "type": "tabs",
        "children": [
          {
            "id": "fdb40679474d2989",
            "type": "leaf",
            "state": {
              "type": "backlink",
              "state": {
                "file": "Ayat - آيَاتُ القُرآنِ/2 Al-Baqarah - سُورَةُ البَقَرَة/2-286 لا يكلف الله نفسا إلا وسعها لها ما كسبت وعليها ما اكتسبت ربنا لا تؤاخذنا إن نسينا أو أخطأنا ربنا ولا تحمل علينا إصرا كما حملته على الذين من قبلنا ربنا ولا تحملنا ما لا طاقة لنا به واعف عنا واغفر لنا وارحمنا أنت مولانا فانصرنا على القوم الكافرين.md",
                "collapseAll": false,
                "extraContext": false,
                "sortOrder": "alphabetical",
                "showSearch": false,
                "searchQuery": "",
                "backlinkCollapsed": false,
                "unlinkedCollapsed": true
              }
            }
          },
          {
            "id": "e8fa9b4b45913f36",
            "type": "leaf",
            "state": {
              "type": "outgoing-link",
              "state": {
                "file": "Ayat - آيَاتُ القُرآنِ/2 Al-Baqarah - سُورَةُ البَقَرَة/2-286 لا يكلف الله نفسا إلا وسعها لها ما كسبت وعليها ما اكتسبت ربنا لا تؤاخذنا إن نسينا أو أخطأنا ربنا ولا تحمل علينا إصرا كما حملته على الذين من قبلنا ربنا ولا تحملنا ما لا طاقة لنا به واعف عنا واغفر لنا وارحمنا أنت مولانا فانصرنا على القوم الكافرين.md",
                "linksCollapsed": false,
                "unlinkedCollapsed": true
              }
            }
          },
          {
            "id": "95db0386d17a1354",
            "type": "leaf",
            "state": {
              "type": "tag",
              "state": {
                "sortOrder": "frequency",
                "useHierarchy": true
              }
            }
          },
          {
            "id": "16b30492d7412bb2",
            "type": "leaf",
            "state": {
              "type": "outline",
              "state": {
                "file": "Ayat - آيَاتُ القُرآنِ/2 Al-Baqarah - سُورَةُ البَقَرَة/2-286 لا يكلف الله نفسا إلا وسعها لها ما كسبت وعليها ما اكتسبت ربنا لا تؤاخذنا إن نسينا أو أخطأنا ربنا ولا تحمل علينا إصرا كما حملته على الذين من قبلنا ربنا ولا تحملنا ما لا طاقة لنا به واعف عنا واغفر لنا وارحمنا أنت مولانا فانصرنا على القوم الكافرين.md"
              }
            }
          }
        ]
      }
    ],
    "direction": "horizontal",
    "width": 300,
    "collapsed": true
  },
  "left-ribbon": {
    "hiddenItems": {
      "switcher:افتح الانتقال السريع": false,
      "graph:فتح العرض البياني": false,
      "canvas:إنشاء لوحة بصرية جديدة": false,
      "daily-notes:فتح ملاحظة اليوم": false,
      "templates:إدراج قالب": false,
      "command-palette:فتح لوحة الأوامر": false
    }
  },
  "active": "472b9e90dbf9d7d7",
  "lastOpenFiles": [
    "Ayat - آيَاتُ القُرآنِ/1 Al-Fātiḥah - سُورَةُ الفَاتِحة/1-2 الحمد لله رب العالمين.md",
    "Ayat - آيَاتُ القُرآنِ/1 Al-Fātiḥah - سُورَةُ الفَاتِحة/1-1 بسم الله الرحمن الرحيم.md",
    "تدبر القرآن.md"
  ]
}